Scenario,Average (min),Low bound (min),High bound (min),Interval range (min),Economic interval (%)
1,30.47579841473926,22.7226426702723,38.22895415920622,15.506311488933918,50.88073912916576
2,70.62798993978174,60.16280177609873,81.09317810346475,20.93037632736602,29.63467648620824
3,298.4843499815751,277.0616850503481,319.90701491280214,42.84532986245404,14.354296922133036
4,596.9282196576777,570.5925985622582,623.2638407530972,52.67124219083894,8.823714553325102
5,746.1817574215368,717.4117753364196,774.9517395066539,57.53996417023427,7.71125313610803
6,1458.1010023106514,1418.105315055836,1498.096689565467,79.99137450963099,5.485996812488896
7,1827.822389254924,1783.3260638310346,1872.3187146788134,88.9926508477788,4.8687799958536955
8,3624.464522652364,3571.536723649425,3677.392321655303,105.85559800587816,2.920585850524855
