Scenario,Average (min),Low bound (min),High bound (min),Interval range (min),Economic interval (%)
0,322.69002589657066,318.7796100099662,326.60044178317514,7.820831773208965,2.4236360425083965
1,325.5219089275951,321.55362085133584,329.4901970038544,7.936576152518569,2.438108137994447
2,357.7616454423592,353.04844102059604,362.4748498641224,9.42640884352636,2.6348293517799957
3,392.586685910157,387.43374733896894,397.739624481345,10.305877142376062,2.625121409424096
4,438.3011274663326,429.3591565678368,447.2430983648284,17.88394179699162,4.08028651451857
