Scenario,Average (min),Low bound (min),High bound (min),Interval range (min),Economic interval (%)
0,378.24712981957765,377.5855459921759,378.9087136469794,1.3231676548034557,0.3498156497405813
1,380.8928053150826,380.2252538811092,381.56035674905604,1.33510286794683,0.35051931916708284
2,426.06162866952127,425.3003543725244,426.82290296651814,1.522548593993747,0.357354075453419
3,558.4089913531299,557.392544977094,559.4254377291658,2.0328927520718025,0.36405086299662215
4,992.1220831338677,990.2694022564127,993.9747640113227,3.7053617549099727,0.3734784073352801
