,Average (min),Low bound (min),High bound (min),Interval range (min),Economic interval (%)
12,859.0305985954743,851.2019719040037,866.8592252869449,15.657253382941235,1.8226653868373304
24,937.3141132824746,931.3264486880382,943.301777876911,11.97532918887282,1.2776217725918166
36,941.7470664500353,936.8449181641658,946.6492147359047,9.80429657173886,1.0410753503800834
48,1030.7405678677076,1026.2270749855475,1035.2540607498677,9.026985764320216,0.8757767032488434
60,991.8760095607086,987.9709522445107,995.7810668769064,7.810114632395653,0.7874083612380817
72,987.8117945375345,984.1606955871559,991.4628934879131,7.3021979007571645,0.7392296732168344
84,1040.2044107831252,1036.6816894139943,1043.7271321522562,7.045442738261954,0.677313292005534
